Model,Mean_Length,Median_Length,Std_Dev
DPO,34.28,26.5,24.564522335591175
PPO-Sparse,45.04,64.0,23.560333039439254
PPO-Dense,46.8,64.0,22.86720557718172
GRPO,40.09,47.5,23.610515975862633
SFT-Baseline,45.71,64.0,22.472112908800067
